"","DivLACAclan_usage","DivLBCAclan_usage","DivLACAclanratio_se","DivLBCAclanratio_se","RecentBacusage","RecentArcusage","RecentArcusage_se","RecentBacusage_se","ModernBacusage","ModernBacusage_se","ModernArcusage","ModernArcusage_se","DivLBCA_ClanAAC","DivLACA_ClanAAC","DivLBCA_se","DivLACA_se"
"A",0.849088614367646,0.930076639389738,0.0686178849444247,0.0375869157657103,0.943368754790245,0.917181650809221,0.0585558740043145,0.0308100016267798,1.01145451710112,0.0314771440050509,0.943044468662418,0.0441055615054174,0.0789960609885139,0.0721173429420287,0.00222505091445846,0.00521688656434467
"C",0.995280581172872,0.850604167697456,0.278218163279492,0.0725473663595217,1.02525371631015,1.14432264870839,0.190612039168667,0.0762325552130223,0.984404425419316,0.0687368272117084,1.11671794924008,0.132782015902725,0.0580060811206267,0.0699773620513721,0.000574954091559758,0.00335709112687186
"D",1.01264503984985,1.03766467840327,0.074342937466012,0.0383607045977348,1.03169181257704,0.940057619290877,0.060551667326237,0.0309406275516861,1.00145022882648,0.0268787383993802,1.16760841676401,0.0569021090231508,0.0383787818978514,0.0279328469872162,0.00162726947648582,0.00433091264755933
"E",1.33751626669093,0.95215610721086,0.0853300917641173,0.0462885726449146,0.970742783500808,1.07735732959959,0.0721106537699528,0.0367806433314627,0.962079173018237,0.0344795741072427,1.19898663221261,0.061730182331248,0.0597373078951471,0.0582969525637974,0.0024316901397334,0.0056395622277173
"F",0.847327461244406,1.07048986209531,0.081014878606851,0.0534367075604935,1.16077574650128,0.9733859965589,0.0792577856553165,0.0450491296399103,1.09065449929076,0.0403632019360521,1.02256716050603,0.0591610439096244,0.00854688906812788,0.0100006007988101,0.00137160985286127,0.0027179431586006
"G",0.780581065540525,0.913919134983551,0.0562103801199747,0.0310688608953587,0.883397788676923,0.937106331578792,0.0440595105990183,0.0247126540949158,0.81215178673968,0.0212643841082224,0.939603360438219,0.0414844993837721,0.0390490451774452,0.0343902184239862,0.00182070319111346,0.00393536507972547
"H",0.909056318156161,1.02599418618252,0.100942398636815,0.0562053436704846,0.968608525347885,0.716659532108668,0.0686326690141435,0.0419209264308704,0.858828202624531,0.0352971900358711,0.804109854452766,0.0559452076480684,0.068550688952914,0.0962947786324368,0.000939313909768722,0.00248454472572741
"I",0.97823280186908,0.854670858020593,0.0740774857825942,0.033382044851396,0.912301294893327,1.13274028677768,0.0546740326290219,0.0291211219009332,0.811106100699407,0.0245994128629487,1.0006276975184,0.0512795961611285,0.074198613769702,0.0633732578528694,0.00190272975833692,0.00529920577023421
"K",1.61615149676528,0.996643270180905,0.123603143935651,0.0534687721050411,0.990347435954473,1.45791089699969,0.104791697534009,0.0446701679725713,0.960391435581301,0.0389497229996482,1.1239355243529,0.073770281356771,0.0225898269385268,0.0200151474356102,0.00179992965413632,0.00533614417130476
"L",0.989151838835305,1.00891990196061,0.0596144718083951,0.0378729589659885,1.0963383773302,0.953488539359618,0.0539235794824026,0.0311387143395163,1.09896187173013,0.0282969555203382,0.889515054820604,0.0363018864733708,0.0656260181054922,0.0751137387736927,0.00255381347969467,0.00566012109340683
"M",0.648454911640438,0.998722780537434,0.0809215584523119,0.0522978410733258,0.931497414127789,0.944501011688112,0.0863505015860876,0.0377257881536369,0.879230036636663,0.0335807698350623,0.979834468900314,0.0684176697474335,0.103036222401502,0.10101740351938,0.000837006545960926,0.00176085489697972
"N",0.879364582227284,1.20821703299494,0.0795624492573494,0.066007963741294,1.03978372150467,0.925070338630116,0.0762042142448092,0.0441276189460507,1.08283035017965,0.0431937073816172,0.877427768910365,0.0569027332433394,0.0465027447026772,0.0754086067738999,0.00149543875988118,0.00237838917849502
"P",0.878040263802589,0.970431044614793,0.0788817570173202,0.0363275793670072,0.983429691772151,0.929042276426678,0.0479944595611943,0.0302678815790795,0.980478749862782,0.0292554352047417,0.860379254963128,0.0373507048614967,0.0226159761162682,0.0146841957347215,0.00138145700426751,0.00440463047846163
"Q",1.20039618168169,1.3630132891691,0.275683130040749,0.0729182830193217,1.22938319365863,0.748244402787344,0.0490454988247143,0.0512424955559123,1.56998493674211,0.0618652151241221,0.723390412005099,0.0410020577766315,0.0410833133999713,0.032518775632839,0.00164673338197889,0.0079744828547055
"R",1.31107183834302,1.08678202750861,0.102286543462369,0.0426217005933853,1.06957188970372,1.10339405790275,0.0787849961820818,0.0334436846900705,1.10718791880131,0.0324456957530859,1.02057363260257,0.0534488074036373,0.0515592577739119,0.0466505111810818,0.00169887548801914,0.0058323604944698
"S",0.957243650346254,1.07963236642879,0.0698885413114068,0.0406230756038913,1.01544971114113,0.988809677616783,0.0513711154906331,0.0299858070127998,1.10964872497548,0.0314935773574756,1.05562346269878,0.0457658995820628,0.0495718324287289,0.0439522964519785,0.00125167056303524,0.00326705492862979
"T",0.908438992024126,1.03790418503099,0.0804512053176106,0.0483843811697221,0.913888414380343,0.831566337006654,0.0503516142705046,0.0329097058230516,0.970127075804271,0.0332238435371742,1.00874449464466,0.0493224030886962,0.0506423798286005,0.0443253945293833,0.00182212906683871,0.0035398835557423
"V",0.898152442038275,0.864886670087344,0.0450648317772669,0.0246780353228118,0.871368841151227,1.08474946582608,0.0425002480044262,0.0207780319401401,0.852804879074975,0.0197906260238006,1.0422670969956,0.0310823094698336,0.0140042187744031,0.00841320369320067,0.00155529654106076,0.00387713692467859
"W",0.84021052437504,1.39857448232394,0.212553171032192,0.126276298558392,1.63354992822395,0.843258617244927,0.128622523712262,0.127235948948755,1.62055974173458,0.117039470910705,0.963981510388857,0.106489427920818,0.0335994983580704,0.0289775750451866,0.000781338187099945,0.00207971697147407
"Y",1.00629255420928,1.16679621984136,0.125399692869663,0.060943586953426,1.17932805479867,1.04180052245855,0.0778555802191993,0.0511296807104193,1.1666586564614,0.0476016641662894,1.20367994767504,0.0767835701247275,0.0737017247874592,0.0765364832060648,0.00116634216840037,0.00319111492336674
